1|http://nrs.harvard.edu/urn-3:HLS.Libr:1192242|http://nrs.harvard.edu/urn-3:HLS.Libr:1192266
2|http://nrs.harvard.edu/urn-3:HLS.Libr:1199903|http://nrs.harvard.edu/urn-3:HLS.Libr:1199944
3|http://nrs.harvard.edu/urn-3:HLS.Libr:1199907|http://nrs.harvard.edu/urn-3:HLS.Libr:1199948
4|http://nrs.harvard.edu/urn-3:HLS.Libr:1199908|http://nrs.harvard.edu/urn-3:HLS.Libr:1199949
5|http://nrs.harvard.edu/urn-3:HLS.Libr:1187496|http://nrs.harvard.edu/urn-3:HLS.Libr:1187521
6|http://nrs.harvard.edu/urn-3:HLS.Libr:1187495|http://nrs.harvard.edu/urn-3:HLS.Libr:1187520
7|http://nrs.harvard.edu/urn-3:HLS.Libr:1199909|http://nrs.harvard.edu/urn-3:HLS.Libr:1199950
8|http://nrs.harvard.edu/urn-3:HLS.Libr:1192243|http://nrs.harvard.edu/urn-3:HLS.Libr:1192267
9|http://nrs.harvard.edu/urn-3:HLS.Libr:1199910|http://nrs.harvard.edu/urn-3:HLS.Libr:1199951
10|http://nrs.harvard.edu/urn-3:HLS.Libr:1266132|http://nrs.harvard.edu/urn-3:HLS.Libr:1266194
11|http://nrs.harvard.edu/urn-3:HLS.Libr:1192246|http://nrs.harvard.edu/urn-3:HLS.Libr:1192270
12|http://nrs.harvard.edu/urn-3:HLS.Libr:1192258|http://nrs.harvard.edu/urn-3:HLS.Libr:1192282
13|http://nrs.harvard.edu/urn-3:HLS.Libr:1192255|http://nrs.harvard.edu/urn-3:HLS.Libr:1192279
14|http://nrs.harvard.edu/urn-3:HLS.Libr:1192256|http://nrs.harvard.edu/urn-3:HLS.Libr:1192280
15|http://nrs.harvard.edu/urn-3:HLS.Libr:1266127|http://nrs.harvard.edu/urn-3:HLS.Libr:1266189
16|http://nrs.harvard.edu/urn-3:HLS.Libr:1192257|http://nrs.harvard.edu/urn-3:HLS.Libr:1192281
17|http://nrs.harvard.edu/urn-3:HLS.Libr:1192248|http://nrs.harvard.edu/urn-3:HLS.Libr:1192272
18|http://nrs.harvard.edu/urn-3:HLS.Libr:1199894|http://nrs.harvard.edu/urn-3:HLS.Libr:1199935
19|http://nrs.harvard.edu/urn-3:HLS.Libr:1187491|http://nrs.harvard.edu/urn-3:HLS.Libr:1187516
20|http://nrs.harvard.edu/urn-3:HLS.Libr:1266090|http://nrs.harvard.edu/urn-3:HLS.Libr:1266152
21|http://nrs.harvard.edu/urn-3:HLS.Libr:1192254|http://nrs.harvard.edu/urn-3:HLS.Libr:1192278
22|http://nrs.harvard.edu/urn-3:HLS.Libr:1192249|http://nrs.harvard.edu/urn-3:HLS.Libr:1192273
23|http://nrs.harvard.edu/urn-3:HLS.Libr:1192247|http://nrs.harvard.edu/urn-3:HLS.Libr:1192271
24|http://nrs.harvard.edu/urn-3:HLS.Libr:1192253|http://nrs.harvard.edu/urn-3:HLS.Libr:1192277
25|http://nrs.harvard.edu/urn-3:HLS.Libr:1199901|http://nrs.harvard.edu/urn-3:HLS.Libr:1199942
26|http://nrs.harvard.edu/urn-3:HLS.Libr:1199902|http://nrs.harvard.edu/urn-3:HLS.Libr:1199943
27|http://nrs.harvard.edu/urn-3:HLS.Libr:1199906|http://nrs.harvard.edu/urn-3:HLS.Libr:1199947
28|http://nrs.harvard.edu/urn-3:HLS.Libr:1187497|http://nrs.harvard.edu/urn-3:HLS.Libr:1187522
29|http://nrs.harvard.edu/urn-3:HLS.Libr:1192252|http://nrs.harvard.edu/urn-3:HLS.Libr:1192276
30|http://nrs.harvard.edu/urn-3:HLS.Libr:1192250|http://nrs.harvard.edu/urn-3:HLS.Libr:1192274
31|http://nrs.harvard.edu/urn-3:HLS.Libr:1199905|http://nrs.harvard.edu/urn-3:HLS.Libr:1199946
32|http://nrs.harvard.edu/urn-3:HLS.Libr:1266129|http://nrs.harvard.edu/urn-3:HLS.Libr:1266191
33|http://nrs.harvard.edu/urn-3:HLS.Libr:1192265|http://nrs.harvard.edu/urn-3:HLS.Libr:1192289
34|http://nrs.harvard.edu/urn-3:HLS.Libr:1199915|http://nrs.harvard.edu/urn-3:HLS.Libr:1199956
35|http://nrs.harvard.edu/urn-3:HLS.Libr:1187492|http://nrs.harvard.edu/urn-3:HLS.Libr:1187517
36|http://nrs.harvard.edu/urn-3:HLS.Libr:1187485|http://nrs.harvard.edu/urn-3:HLS.Libr:1187510
37|http://nrs.harvard.edu/urn-3:HLS.Libr:1192261|http://nrs.harvard.edu/urn-3:HLS.Libr:1192285
38|http://nrs.harvard.edu/urn-3:HLS.Libr:1192264|http://nrs.harvard.edu/urn-3:HLS.Libr:1192288
39|http://nrs.harvard.edu/urn-3:HLS.Libr:1192263|http://nrs.harvard.edu/urn-3:HLS.Libr:1192287
40|http://nrs.harvard.edu/urn-3:HLS.Libr:1187493|http://nrs.harvard.edu/urn-3:HLS.Libr:1187518
41|http://nrs.harvard.edu/urn-3:HLS.Libr:1186154|http://nrs.harvard.edu/urn-3:HLS.Libr:1186174
42|http://nrs.harvard.edu/urn-3:HLS.Libr:1192245|http://nrs.harvard.edu/urn-3:HLS.Libr:1192269
43|http://nrs.harvard.edu/urn-3:HLS.Libr:1192260|http://nrs.harvard.edu/urn-3:HLS.Libr:1192284
44|http://nrs.harvard.edu/urn-3:HLS.Libr:1199900|http://nrs.harvard.edu/urn-3:HLS.Libr:1199941
45|http://nrs.harvard.edu/urn-3:HLS.Libr:1266082|http://nrs.harvard.edu/urn-3:HLS.Libr:1266144
46|http://nrs.harvard.edu/urn-3:HLS.Libr:1187494|http://nrs.harvard.edu/urn-3:HLS.Libr:1187519
47|http://nrs.harvard.edu/urn-3:HLS.Libr:1199917|http://nrs.harvard.edu/urn-3:HLS.Libr:1199958
48|http://nrs.harvard.edu/urn-3:HLS.Libr:1266114|http://nrs.harvard.edu/urn-3:HLS.Libr:1266176
49|http://nrs.harvard.edu/urn-3:HLS.Libr:1187488|http://nrs.harvard.edu/urn-3:HLS.Libr:1187513
50|http://nrs.harvard.edu/urn-3:HLS.Libr:1192251|http://nrs.harvard.edu/urn-3:HLS.Libr:1192275
51|http://nrs.harvard.edu/urn-3:HLS.Libr:1192244|http://nrs.harvard.edu/urn-3:HLS.Libr:1192268
52|http://nrs.harvard.edu/urn-3:HLS.Libr:1266112|http://nrs.harvard.edu/urn-3:HLS.Libr:1266174
53|http://nrs.harvard.edu/urn-3:HLS.Libr:1187487|http://nrs.harvard.edu/urn-3:HLS.Libr:1187512
54|http://nrs.harvard.edu/urn-3:HLS.Libr:1266098|http://nrs.harvard.edu/urn-3:HLS.Libr:1266160
55|http://nrs.harvard.edu/urn-3:HLS.Libr:1266118|http://nrs.harvard.edu/urn-3:HLS.Libr:1266180
56|http://nrs.harvard.edu/urn-3:HLS.Libr:1192262|http://nrs.harvard.edu/urn-3:HLS.Libr:1192286
57|http://nrs.harvard.edu/urn-3:HLS.Libr:1266084|http://nrs.harvard.edu/urn-3:HLS.Libr:1266146
58|http://nrs.harvard.edu/urn-3:HLS.Libr:1266096|http://nrs.harvard.edu/urn-3:HLS.Libr:1266158
59|http://nrs.harvard.edu/urn-3:HLS.Libr:1187478|http://nrs.harvard.edu/urn-3:HLS.Libr:1187503
60|http://nrs.harvard.edu/urn-3:HLS.Libr:1187480|http://nrs.harvard.edu/urn-3:HLS.Libr:1187505
61|http://nrs.harvard.edu/urn-3:HLS.Libr:1186152|http://nrs.harvard.edu/urn-3:HLS.Libr:1186172
62|http://nrs.harvard.edu/urn-3:HLS.Libr:1266099|http://nrs.harvard.edu/urn-3:HLS.Libr:1266161
63|http://nrs.harvard.edu/urn-3:HLS.Libr:1266101|http://nrs.harvard.edu/urn-3:HLS.Libr:1266163
64|http://nrs.harvard.edu/urn-3:HLS.Libr:1199912|http://nrs.harvard.edu/urn-3:HLS.Libr:1199953
65|http://nrs.harvard.edu/urn-3:HLS.Libr:1199914|http://nrs.harvard.edu/urn-3:HLS.Libr:1199955
66|http://nrs.harvard.edu/urn-3:HLS.Libr:1199916|http://nrs.harvard.edu/urn-3:HLS.Libr:1199957
67|http://nrs.harvard.edu/urn-3:HLS.Libr:1199919|http://nrs.harvard.edu/urn-3:HLS.Libr:1199960
68|http://nrs.harvard.edu/urn-3:HLS.Libr:1199921|http://nrs.harvard.edu/urn-3:HLS.Libr:1199962
69|http://nrs.harvard.edu/urn-3:HLS.Libr:1266104|http://nrs.harvard.edu/urn-3:HLS.Libr:1266166
70|http://nrs.harvard.edu/urn-3:HLS.Libr:1266109|http://nrs.harvard.edu/urn-3:HLS.Libr:1266171
71|http://nrs.harvard.edu/urn-3:HLS.Libr:1266117|http://nrs.harvard.edu/urn-3:HLS.Libr:1266179
72|http://nrs.harvard.edu/urn-3:HLS.Libr:1266120|http://nrs.harvard.edu/urn-3:HLS.Libr:1266182
73|http://nrs.harvard.edu/urn-3:HLS.Libr:1192259|http://nrs.harvard.edu/urn-3:HLS.Libr:1192283
74|http://nrs.harvard.edu/urn-3:HLS.Libr:1199904|http://nrs.harvard.edu/urn-3:HLS.Libr:1199945
75|http://nrs.harvard.edu/urn-3:HLS.Libr:1266125|http://nrs.harvard.edu/urn-3:HLS.Libr:1266187
76|http://nrs.harvard.edu/urn-3:HLS.Libr:1266130|http://nrs.harvard.edu/urn-3:HLS.Libr:1266192
77|http://nrs.harvard.edu/urn-3:HLS.Libr:1266131|http://nrs.harvard.edu/urn-3:HLS.Libr:1266193
78|http://nrs.harvard.edu/urn-3:HLS.Libr:1266083|http://nrs.harvard.edu/urn-3:HLS.Libr:1266145
79|http://nrs.harvard.edu/urn-3:HLS.Libr:1266087|http://nrs.harvard.edu/urn-3:HLS.Libr:1266149
80|http://nrs.harvard.edu/urn-3:HLS.Libr:1266088|http://nrs.harvard.edu/urn-3:HLS.Libr:1266150
81|http://nrs.harvard.edu/urn-3:HLS.Libr:1266089|http://nrs.harvard.edu/urn-3:HLS.Libr:1266151
82|http://nrs.harvard.edu/urn-3:HLS.Libr:1187475|http://nrs.harvard.edu/urn-3:HLS.Libr:1187500
83|http://nrs.harvard.edu/urn-3:HLS.Libr:1187486|http://nrs.harvard.edu/urn-3:HLS.Libr:1187511
84|http://nrs.harvard.edu/urn-3:HLS.Libr:1186155|http://nrs.harvard.edu/urn-3:HLS.Libr:1186175
85|http://nrs.harvard.edu/urn-3:HLS.Libr:1266092|http://nrs.harvard.edu/urn-3:HLS.Libr:1266154
86|http://nrs.harvard.edu/urn-3:HLS.Libr:1266093|http://nrs.harvard.edu/urn-3:HLS.Libr:1266155
87|http://nrs.harvard.edu/urn-3:HLS.Libr:1266094|http://nrs.harvard.edu/urn-3:HLS.Libr:1266156
88|http://nrs.harvard.edu/urn-3:HLS.Libr:1266100|http://nrs.harvard.edu/urn-3:HLS.Libr:1266162
89|http://nrs.harvard.edu/urn-3:HLS.Libr:1266102|http://nrs.harvard.edu/urn-3:HLS.Libr:1266164
90|http://nrs.harvard.edu/urn-3:HLS.Libr:1187489|http://nrs.harvard.edu/urn-3:HLS.Libr:1187514
91|http://nrs.harvard.edu/urn-3:HLS.Libr:1187490|http://nrs.harvard.edu/urn-3:HLS.Libr:1187515
92|http://nrs.harvard.edu/urn-3:HLS.Libr:1266091|http://nrs.harvard.edu/urn-3:HLS.Libr:1266153
93|http://nrs.harvard.edu/urn-3:HLS.Libr:1266095|http://nrs.harvard.edu/urn-3:HLS.Libr:1266157
94|http://nrs.harvard.edu/urn-3:HLS.Libr:1266097|http://nrs.harvard.edu/urn-3:HLS.Libr:1266159
95|http://nrs.harvard.edu/urn-3:HLS.Libr:1199913|http://nrs.harvard.edu/urn-3:HLS.Libr:1199954
96|http://nrs.harvard.edu/urn-3:HLS.Libr:1199920|http://nrs.harvard.edu/urn-3:HLS.Libr:1199961
97|http://nrs.harvard.edu/urn-3:HLS.Libr:1199922|http://nrs.harvard.edu/urn-3:HLS.Libr:1199963
98|http://nrs.harvard.edu/urn-3:HLS.Libr:1199923|http://nrs.harvard.edu/urn-3:HLS.Libr:1199964
99|http://nrs.harvard.edu/urn-3:HLS.Libr:1199924|http://nrs.harvard.edu/urn-3:HLS.Libr:1199965
100|http://nrs.harvard.edu/urn-3:HLS.Libr:1199925|http://nrs.harvard.edu/urn-3:HLS.Libr:1199966
101|http://nrs.harvard.edu/urn-3:HLS.Libr:1199926|http://nrs.harvard.edu/urn-3:HLS.Libr:1199967
102|http://nrs.harvard.edu/urn-3:HLS.Libr:1199927|http://nrs.harvard.edu/urn-3:HLS.Libr:1199968
103|http://nrs.harvard.edu/urn-3:HLS.Libr:1266103|http://nrs.harvard.edu/urn-3:HLS.Libr:1266165
104|http://nrs.harvard.edu/urn-3:HLS.Libr:1266105|http://nrs.harvard.edu/urn-3:HLS.Libr:1266167
105|http://nrs.harvard.edu/urn-3:HLS.Libr:1266106|http://nrs.harvard.edu/urn-3:HLS.Libr:1266168
106|http://nrs.harvard.edu/urn-3:HLS.Libr:1266107|http://nrs.harvard.edu/urn-3:HLS.Libr:1266169
107|http://nrs.harvard.edu/urn-3:HLS.Libr:1266108|http://nrs.harvard.edu/urn-3:HLS.Libr:1266170
108|http://nrs.harvard.edu/urn-3:HLS.Libr:1266110|http://nrs.harvard.edu/urn-3:HLS.Libr:1266172
109|http://nrs.harvard.edu/urn-3:HLS.Libr:1266111|http://nrs.harvard.edu/urn-3:HLS.Libr:1266173
110|http://nrs.harvard.edu/urn-3:HLS.Libr:1266113|http://nrs.harvard.edu/urn-3:HLS.Libr:1266175
111|http://nrs.harvard.edu/urn-3:HLS.Libr:1266115|http://nrs.harvard.edu/urn-3:HLS.Libr:1266177
112|http://nrs.harvard.edu/urn-3:HLS.Libr:1266116|http://nrs.harvard.edu/urn-3:HLS.Libr:1266178
113|http://nrs.harvard.edu/urn-3:HLS.Libr:1266119|http://nrs.harvard.edu/urn-3:HLS.Libr:1266181
114|http://nrs.harvard.edu/urn-3:HLS.Libr:1266121|http://nrs.harvard.edu/urn-3:HLS.Libr:1266183
115|http://nrs.harvard.edu/urn-3:HLS.Libr:1266122|http://nrs.harvard.edu/urn-3:HLS.Libr:1266184
116|http://nrs.harvard.edu/urn-3:HLS.Libr:1266124|http://nrs.harvard.edu/urn-3:HLS.Libr:1266186
117|http://nrs.harvard.edu/urn-3:HLS.Libr:1266126|http://nrs.harvard.edu/urn-3:HLS.Libr:1266188
118|http://nrs.harvard.edu/urn-3:HLS.Libr:1266128|http://nrs.harvard.edu/urn-3:HLS.Libr:1266190
119|http://nrs.harvard.edu/urn-3:HLS.Libr:1266085|http://nrs.harvard.edu/urn-3:HLS.Libr:1266147
120|http://nrs.harvard.edu/urn-3:HLS.Libr:1266086|http://nrs.harvard.edu/urn-3:HLS.Libr:1266148
121|http://nrs.harvard.edu/urn-3:HLS.Libr:1266123|http://nrs.harvard.edu/urn-3:HLS.Libr:1266185
122|http://nrs.harvard.edu/urn-3:HLS.Libr:1199918|http://nrs.harvard.edu/urn-3:HLS.Libr:1199959
123|http://nrs.harvard.edu/urn-3:HLS.Libr:1187483|http://nrs.harvard.edu/urn-3:HLS.Libr:1187508
124|http://nrs.harvard.edu/urn-3:HLS.Libr:1187482|http://nrs.harvard.edu/urn-3:HLS.Libr:1187507
125|http://nrs.harvard.edu/urn-3:HLS.Libr:1187484|http://nrs.harvard.edu/urn-3:HLS.Libr:1187509
126|http://nrs.harvard.edu/urn-3:HLS.Libr:1187477|http://nrs.harvard.edu/urn-3:HLS.Libr:1187502
127|http://nrs.harvard.edu/urn-3:HLS.Libr:1187481|http://nrs.harvard.edu/urn-3:HLS.Libr:1187506
128|http://nrs.harvard.edu/urn-3:HLS.Libr:1186151|http://nrs.harvard.edu/urn-3:HLS.Libr:1186171
129|http://nrs.harvard.edu/urn-3:HLS.Libr:1187479|http://nrs.harvard.edu/urn-3:HLS.Libr:1187504
130|http://nrs.harvard.edu/urn-3:HLS.Libr:1199895|http://nrs.harvard.edu/urn-3:HLS.Libr:1199936
131|http://nrs.harvard.edu/urn-3:HLS.Libr:1199928|http://nrs.harvard.edu/urn-3:HLS.Libr:1199969
132|http://nrs.harvard.edu/urn-3:HLS.Libr:1186153|http://nrs.harvard.edu/urn-3:HLS.Libr:1186173
133|http://nrs.harvard.edu/urn-3:HLS.Libr:1199911|http://nrs.harvard.edu/urn-3:HLS.Libr:1199952
134|http://nrs.harvard.edu/urn-3:HLS.Libr:1187476|http://nrs.harvard.edu/urn-3:HLS.Libr:1187501
135|http://nrs.harvard.edu/urn-3:HLS.Libr:1186137|http://nrs.harvard.edu/urn-3:HLS.Libr:1186157
136|http://nrs.harvard.edu/urn-3:HLS.Libr:1186139|http://nrs.harvard.edu/urn-3:HLS.Libr:1186159
137|http://nrs.harvard.edu/urn-3:HLS.Libr:1187474|http://nrs.harvard.edu/urn-3:HLS.Libr:1187499
138|http://nrs.harvard.edu/urn-3:HLS.Libr:1186136|http://nrs.harvard.edu/urn-3:HLS.Libr:1186156
139|http://nrs.harvard.edu/urn-3:HLS.Libr:1186140|http://nrs.harvard.edu/urn-3:HLS.Libr:1186160
140|http://nrs.harvard.edu/urn-3:HLS.Libr:1187473|http://nrs.harvard.edu/urn-3:HLS.Libr:1187498
141|http://nrs.harvard.edu/urn-3:HLS.Libr:1186145|http://nrs.harvard.edu/urn-3:HLS.Libr:1186165
142|http://nrs.harvard.edu/urn-3:HLS.Libr:1186138|http://nrs.harvard.edu/urn-3:HLS.Libr:1186158
143|http://nrs.harvard.edu/urn-3:HLS.Libr:1186142|http://nrs.harvard.edu/urn-3:HLS.Libr:1186162
144|http://nrs.harvard.edu/urn-3:HLS.Libr:1186144|http://nrs.harvard.edu/urn-3:HLS.Libr:1186164
145|http://nrs.harvard.edu/urn-3:HLS.Libr:1186146|http://nrs.harvard.edu/urn-3:HLS.Libr:1186166
146|http://nrs.harvard.edu/urn-3:HLS.Libr:1186147|http://nrs.harvard.edu/urn-3:HLS.Libr:1186167
147|http://nrs.harvard.edu/urn-3:HLS.Libr:1186150|http://nrs.harvard.edu/urn-3:HLS.Libr:1186170
148|http://nrs.harvard.edu/urn-3:HLS.Libr:1186148|http://nrs.harvard.edu/urn-3:HLS.Libr:1186168
149|http://nrs.harvard.edu/urn-3:HLS.Libr:1186149|http://nrs.harvard.edu/urn-3:HLS.Libr:1186169
150|http://nrs.harvard.edu/urn-3:HLS.Libr:1199899|http://nrs.harvard.edu/urn-3:HLS.Libr:1199940
151|http://nrs.harvard.edu/urn-3:HLS.Libr:1199896|http://nrs.harvard.edu/urn-3:HLS.Libr:1199937
152|http://nrs.harvard.edu/urn-3:HLS.Libr:1199897|http://nrs.harvard.edu/urn-3:HLS.Libr:1199938
153|http://nrs.harvard.edu/urn-3:HLS.Libr:1199898|http://nrs.harvard.edu/urn-3:HLS.Libr:1199939
154|http://nrs.harvard.edu/urn-3:HLS.Libr:1266133|http://nrs.harvard.edu/urn-3:HLS.Libr:1266195
155|http://nrs.harvard.edu/urn-3:HLS.Libr:1266137|http://nrs.harvard.edu/urn-3:HLS.Libr:1266199
156|http://nrs.harvard.edu/urn-3:HLS.Libr:1266135|http://nrs.harvard.edu/urn-3:HLS.Libr:1266197
157|http://nrs.harvard.edu/urn-3:HLS.Libr:1168691|http://nrs.harvard.edu/urn-3:HLS.Libr:1168737
158|http://nrs.harvard.edu/urn-3:HLS.Libr:1180830|http://nrs.harvard.edu/urn-3:HLS.Libr:1180839
159|http://nrs.harvard.edu/urn-3:HLS.Libr:1266134|http://nrs.harvard.edu/urn-3:HLS.Libr:1266196
160|http://nrs.harvard.edu/urn-3:HLS.Libr:1168704|http://nrs.harvard.edu/urn-3:HLS.Libr:1168750
161|http://nrs.harvard.edu/urn-3:HLS.Libr:1476108|http://nrs.harvard.edu/urn-3:HLS.Libr:1476120
162|http://nrs.harvard.edu/urn-3:HLS.Libr:1266138|http://nrs.harvard.edu/urn-3:HLS.Libr:1266200
163|http://nrs.harvard.edu/urn-3:HLS.Libr:1266136|http://nrs.harvard.edu/urn-3:HLS.Libr:1266198
164|http://nrs.harvard.edu/urn-3:HLS.Libr:1476112|http://nrs.harvard.edu/urn-3:HLS.Libr:1476124
165|http://nrs.harvard.edu/urn-3:HLS.Libr:1168696|http://nrs.harvard.edu/urn-3:HLS.Libr:1168742
166|http://nrs.harvard.edu/urn-3:HLS.Libr:1182357|http://nrs.harvard.edu/urn-3:HLS.Libr:1182360
167|http://nrs.harvard.edu/urn-3:HLS.Libr:1476111|http://nrs.harvard.edu/urn-3:HLS.Libr:1476123
168|http://nrs.harvard.edu/urn-3:HLS.Libr:1168693|http://nrs.harvard.edu/urn-3:HLS.Libr:1168739
169|http://nrs.harvard.edu/urn-3:HLS.Libr:1168697|http://nrs.harvard.edu/urn-3:HLS.Libr:1168743
170|http://nrs.harvard.edu/urn-3:HLS.Libr:1476104|http://nrs.harvard.edu/urn-3:HLS.Libr:1476116
171|http://nrs.harvard.edu/urn-3:HLS.Libr:1476106|http://nrs.harvard.edu/urn-3:HLS.Libr:1476118
172|http://nrs.harvard.edu/urn-3:HLS.Libr:1476109|http://nrs.harvard.edu/urn-3:HLS.Libr:1476121
173|http://nrs.harvard.edu/urn-3:HLS.Libr:1168695|http://nrs.harvard.edu/urn-3:HLS.Libr:1168741
174|http://nrs.harvard.edu/urn-3:HLS.Libr:1168729|http://nrs.harvard.edu/urn-3:HLS.Libr:1168775
175|http://nrs.harvard.edu/urn-3:HLS.Libr:1168730|http://nrs.harvard.edu/urn-3:HLS.Libr:1168776
176|http://nrs.harvard.edu/urn-3:HLS.Libr:1168686|http://nrs.harvard.edu/urn-3:HLS.Libr:1168732
177|http://nrs.harvard.edu/urn-3:HLS.Libr:1168721|http://nrs.harvard.edu/urn-3:HLS.Libr:1168767
178|http://nrs.harvard.edu/urn-3:HLS.Libr:1168719|http://nrs.harvard.edu/urn-3:HLS.Libr:1168765
179|http://nrs.harvard.edu/urn-3:HLS.Libr:1168720|http://nrs.harvard.edu/urn-3:HLS.Libr:1168766
180|http://nrs.harvard.edu/urn-3:HLS.Libr:1168724|http://nrs.harvard.edu/urn-3:HLS.Libr:1168770
181|http://nrs.harvard.edu/urn-3:HLS.Libr:1168725|http://nrs.harvard.edu/urn-3:HLS.Libr:1168771
182|http://nrs.harvard.edu/urn-3:HLS.Libr:1168731|http://nrs.harvard.edu/urn-3:HLS.Libr:1168777
183|http://nrs.harvard.edu/urn-3:HLS.Libr:1168688|http://nrs.harvard.edu/urn-3:HLS.Libr:1168734
184|http://nrs.harvard.edu/urn-3:HLS.Libr:1168692|http://nrs.harvard.edu/urn-3:HLS.Libr:1168738
185|http://nrs.harvard.edu/urn-3:HLS.Libr:1168710|http://nrs.harvard.edu/urn-3:HLS.Libr:1168756
186|http://nrs.harvard.edu/urn-3:HLS.Libr:1168712|http://nrs.harvard.edu/urn-3:HLS.Libr:1168758
187|http://nrs.harvard.edu/urn-3:HLS.Libr:1168713|http://nrs.harvard.edu/urn-3:HLS.Libr:1168759
188|http://nrs.harvard.edu/urn-3:HLS.Libr:1168714|http://nrs.harvard.edu/urn-3:HLS.Libr:1168760
189|http://nrs.harvard.edu/urn-3:HLS.Libr:1168715|http://nrs.harvard.edu/urn-3:HLS.Libr:1168761
190|http://nrs.harvard.edu/urn-3:HLS.Libr:1476105|http://nrs.harvard.edu/urn-3:HLS.Libr:1476117
191|http://nrs.harvard.edu/urn-3:HLS.Libr:1476113|http://nrs.harvard.edu/urn-3:HLS.Libr:1476125
192|http://nrs.harvard.edu/urn-3:HLS.Libr:1168723|http://nrs.harvard.edu/urn-3:HLS.Libr:1168769
193|http://nrs.harvard.edu/urn-3:HLS.Libr:1182358|http://nrs.harvard.edu/urn-3:HLS.Libr:1182361
194|http://nrs.harvard.edu/urn-3:HLS.Libr:1182359|http://nrs.harvard.edu/urn-3:HLS.Libr:1182362
195|http://nrs.harvard.edu/urn-3:HLS.Libr:1168711|http://nrs.harvard.edu/urn-3:HLS.Libr:1168757
196|http://nrs.harvard.edu/urn-3:HLS.Libr:1168716|http://nrs.harvard.edu/urn-3:HLS.Libr:1168762
197|http://nrs.harvard.edu/urn-3:HLS.Libr:1168717|http://nrs.harvard.edu/urn-3:HLS.Libr:1168763
198|http://nrs.harvard.edu/urn-3:HLS.Libr:1168718|http://nrs.harvard.edu/urn-3:HLS.Libr:1168764
199|http://nrs.harvard.edu/urn-3:HLS.Libr:1168722|http://nrs.harvard.edu/urn-3:HLS.Libr:1168768
200|http://nrs.harvard.edu/urn-3:HLS.Libr:1168726|http://nrs.harvard.edu/urn-3:HLS.Libr:1168772
201|http://nrs.harvard.edu/urn-3:HLS.Libr:1168727|http://nrs.harvard.edu/urn-3:HLS.Libr:1168773
202|http://nrs.harvard.edu/urn-3:HLS.Libr:1168728|http://nrs.harvard.edu/urn-3:HLS.Libr:1168774
203|http://nrs.harvard.edu/urn-3:HLS.Libr:1168687|http://nrs.harvard.edu/urn-3:HLS.Libr:1168733
204|http://nrs.harvard.edu/urn-3:HLS.Libr:1168690|http://nrs.harvard.edu/urn-3:HLS.Libr:1168736
205|http://nrs.harvard.edu/urn-3:HLS.Libr:1168699|http://nrs.harvard.edu/urn-3:HLS.Libr:1168745
206|http://nrs.harvard.edu/urn-3:HLS.Libr:1168706|http://nrs.harvard.edu/urn-3:HLS.Libr:1168752
207|http://nrs.harvard.edu/urn-3:HLS.Libr:1168707|http://nrs.harvard.edu/urn-3:HLS.Libr:1168753
208|http://nrs.harvard.edu/urn-3:HLS.Libr:1168709|http://nrs.harvard.edu/urn-3:HLS.Libr:1168755
209|http://nrs.harvard.edu/urn-3:HLS.Libr:1168689|http://nrs.harvard.edu/urn-3:HLS.Libr:1168735
210|http://nrs.harvard.edu/urn-3:HLS.Libr:1168698|http://nrs.harvard.edu/urn-3:HLS.Libr:1168744
211|http://nrs.harvard.edu/urn-3:HLS.Libr:1168700|http://nrs.harvard.edu/urn-3:HLS.Libr:1168746
212|http://nrs.harvard.edu/urn-3:HLS.Libr:1168701|http://nrs.harvard.edu/urn-3:HLS.Libr:1168747
213|http://nrs.harvard.edu/urn-3:HLS.Libr:1476107|http://nrs.harvard.edu/urn-3:HLS.Libr:1476119
214|http://nrs.harvard.edu/urn-3:HLS.Libr:1476110|http://nrs.harvard.edu/urn-3:HLS.Libr:1476122
215|http://nrs.harvard.edu/urn-3:HLS.Libr:1168705|http://nrs.harvard.edu/urn-3:HLS.Libr:1168751
216|http://nrs.harvard.edu/urn-3:HLS.Libr:1168708|http://nrs.harvard.edu/urn-3:HLS.Libr:1168754
217|http://nrs.harvard.edu/urn-3:HLS.Libr:1168694|http://nrs.harvard.edu/urn-3:HLS.Libr:1168740
218|http://nrs.harvard.edu/urn-3:HLS.Libr:1168702|http://nrs.harvard.edu/urn-3:HLS.Libr:1168748
219|http://nrs.harvard.edu/urn-3:HLS.Libr:1168703|http://nrs.harvard.edu/urn-3:HLS.Libr:1168749
